name,category,rating,review,link,addr,hour,tel
광고호정닭한마리,닭요리,4.0,5,https://place.map.kakao.com/12665845,서울 동대문구 안암로18가길 32,,02-953-2624
고른햇살,분식,4.6,155,https://place.map.kakao.com/13086789,서울 성북구 개운사길 27,,02-953-3394
비나레스토랑,인도음식,4.7,45,https://place.map.kakao.com/19245690,서울 동대문구 안암로24길 4,,02-926-5860
우정초밥,"초밥,롤",4.9,84,https://place.map.kakao.com/743447746,서울 성북구 종암로3길 31 1층,,070-4320-2333
백소정,"돈까스,우동",3.4,69,https://place.map.kakao.com/1306082197,서울 성북구 개운사길 30 2층,,
동우설렁탕 본점,설렁탕,4.1,34,https://place.map.kakao.com/21233686,서울 성북구 개운사길 45,,02-926-5243
야마토텐동,일식,4.1,107,https://place.map.kakao.com/927297064,서울 성북구 고려대로28길 2 1층,,02-6326-1055
이공김밥 안암본점,분식,4.3,149,https://place.map.kakao.com/60259859,서울 성북구 안암로 61-6,,02-926-0005
오샬,인도음식,4.4,86,https://place.map.kakao.com/540993689,서울 성북구 고려대로24길 6 3층,,02-6084-6527
대즐링,카페,4.8,62,https://place.map.kakao.com/2047903591,서울 동대문구 안암로 132 1층,,0507-1409-3946
나정순할매쭈꾸미,"해물,생선",2.8,42,https://place.map.kakao.com/15774113,서울 동대문구 약령시로 65,,
유자유김치떡볶이 본점,떡볶이,3.8,227,https://place.map.kakao.com/14512484,서울 성북구 고려대로24길 48 2층,,02-927-9200
무르무르드구스토,이탈리안,3.3,84,https://place.map.kakao.com/26869744,서울 성북구 고려대로 102-2 4층,,02-928-0683
스타벅스 종암DT점,커피전문점,2.8,10,https://place.map.kakao.com/1925239650,서울 성북구 종암로 17,,1522-3232
현고대닭발 본점,닭요리,4.2,44,https://place.map.kakao.com/8666853,서울 동대문구 제기로2길 42,,02-928-9995
디어브레드 고대점,"제과,베이커리",4.5,32,https://place.map.kakao.com/22590329,서울 성북구 개운사1길 29,,070-7661-4129
미뇽,카페,4.5,50,https://place.map.kakao.com/858190180,서울 동대문구 제기로2길 4 2층,,070-4300-0425
팔백집,갈비,3.6,67,https://place.map.kakao.com/2024769205,서울 성북구 고려대로27길 3,,02-921-5567
피카커피,커피전문점,4.4,5,https://place.map.kakao.com/25040137,서울 성북구 고려대로30길 29,,02-6339-3537
일곱평브런치,카페,3.5,12,https://place.map.kakao.com/1126853143,서울 동대문구 제기로5길 28 1층,,02-921-9979
용초수,중화요리,4.1,30,https://place.map.kakao.com/21401923,서울 성북구 고려대로27길 20,,02-922-7991
원조홍릉각,중화요리,3.2,70,https://place.map.kakao.com/8620226,서울 동대문구 약령시로 90,,02-969-7787
스타벅스 안암역점,커피전문점,3.9,10,https://place.map.kakao.com/18691197,서울 성북구 고려대로 102-2,,1522-3232
카페파인,카페,3.6,25,https://place.map.kakao.com/1565634100,"서울 동대문구 안암로22길 15 형준빌딩 1, 2층",,
한상차림밥상,한식,3.3,106,https://place.map.kakao.com/2108354197,서울 성북구 고려대로8길 35,,010-9073-4141
어흥식당 안암1호점,"스테이크,립",4.2,25,https://place.map.kakao.com/1047320817,서울 성북구 고려대로27길 40 1층,,
더테이블,이탈리안,3.4,28,https://place.map.kakao.com/1575631836,서울 동대문구 회기로 14 1층,,02-928-5097
와플앨리,"제과,베이커리",4.4,36,https://place.map.kakao.com/1665313840,서울 성북구 고려대로28길 21,,02-928-3115
쿠이도라쿠,일본식라면,2.9,27,https://place.map.kakao.com/16621049,서울 성북구 안암로 103,,02-929-9290
삼성통닭 본점,치킨,3.6,27,https://place.map.kakao.com/946837172,서울 성북구 고려대로24길 60,,02-922-0077
팔백집,갈비,3.6,276,https://place.map.kakao.com/335111559,서울 성북구 보문로30길 46,,02-928-0032
고래돈가스 고대점,"돈까스,우동",4.1,26,https://place.map.kakao.com/24529027,서울 동대문구 안암로 154,,02-953-6592
이세돈가스 고려대점,"돈까스,우동",4.3,28,https://place.map.kakao.com/395796193,서울 성북구 개운사길 32 1층,,02-927-7749
근처식당,동남아음식,3.6,77,https://place.map.kakao.com/1252013552,서울 성북구 회기로3길 2,,010-7470-4393
트라타,"멕시칸,브라질",2.5,26,https://place.map.kakao.com/579931990,서울 성북구 고려대로28길 14,,02-921-0901
매스플레이트 안암본점,이탈리안,3.9,24,https://place.map.kakao.com/24073778,서울 성북구 개운사길 18,,
더씨,중화요리,4.0,18,https://place.map.kakao.com/8888752,서울 성북구 개운사길 8 2층,,02-928-1259
연어이야기,"해물,생선",4.7,32,https://place.map.kakao.com/1160949880,서울 동대문구 고산자로 528-1,,02-957-0110
홍능갈비집 본점,갈비,3.3,21,https://place.map.kakao.com/8622755,서울 동대문구 제기로 85,,02-965-0420
프로마치,양식,4.4,25,https://place.map.kakao.com/26394949,서울 성북구 고려대로24가길 13 1층,,070-4038-8537
문화식당,퓨전요리,4.4,155,https://place.map.kakao.com/23960060,서울 성북구 보문로30나길 37 지하1층,,02-6381-4644
언니네반점,중식,4.3,32,https://place.map.kakao.com/2134375760,서울 성북구 고려대로27길 42,,02-953-7878
베나레스,인도음식,3.6,42,https://place.map.kakao.com/12075400,서울 성북구 고려대로24길 27 2층,,02-921-9982
영철버거 본점,햄버거,4.8,20,https://place.map.kakao.com/8005815,서울 성북구 안암로9가길 100 1층,,02-922-1668
미스터국밥,국밥,4.7,11,https://place.map.kakao.com/26605957,서울 성북구 고려대로 102 2층,,02-928-9938
모심 한정식,한정식,3.3,16,https://place.map.kakao.com/26807325,서울 성북구 개운사길 8 3층,,02-924-5551
제주고깃집 안암점,"육류,고기",4.5,86,https://place.map.kakao.com/24923695,서울 성북구 안암로 69-1,,02-926-3696
보헤미안,커피전문점,3.3,9,https://place.map.kakao.com/9028361,서울 성북구 개운사길 22-3 지하 1층,,02-927-7949
토로생선구이,"해물,생선",4.8,18,https://place.map.kakao.com/1523499015,서울 성북구 고려대로28길 14,,02-923-3539
키라쿠,카페,3.9,109,https://place.map.kakao.com/789579036,서울 동대문구 약령시로 5-1 아이리스빌딩 1층,,
중국관,중화요리,4.7,14,https://place.map.kakao.com/340735999,서울 동대문구 고산자로56길 17 1층,,02-962-3514
고대앞멸치국수,국수,2.5,12,https://place.map.kakao.com/12007185,서울 동대문구 제기로 2,,02-928-9394
소문난 보배곱창,"곱창,막창",4.8,13,https://place.map.kakao.com/16586999,서울 동대문구 고산자로 539-1,,02-963-7323
형제집,한식,4.4,33,https://place.map.kakao.com/16529587,서울 동대문구 제기로6길 14-2,,02-921-3626
달콤퐁당 고대점,디저트카페,4.4,21,https://place.map.kakao.com/424982024,서울 동대문구 안암로24길 8,,02-919-8268
식빵이맛있는집 네모 고대직영점,"제과,베이커리",2.4,61,https://place.map.kakao.com/1786695359,서울 성북구 고려대로 96,,02-3272-8400
오소리순대 본점,순대,2.8,6,https://place.map.kakao.com/8010882,서울 동대문구 회기로4길 16,,02-918-9797
맥도날드 종암SK점,패스트푸드,2.6,7,https://place.map.kakao.com/7860480,서울 성북구 종암로 58,,070-7017-0661
장위동유성집 고대점,"육류,고기",3.1,12,https://place.map.kakao.com/14747096,서울 성북구 안암로 117,,02-922-5443
백소정 고대역점,"돈까스,우동",2.5,22,https://place.map.kakao.com/616431962,서울 동대문구 안암로 144 1층,,02-922-2021
스타벅스 고대점,커피전문점,3.2,9,https://place.map.kakao.com/7961278,서울 성북구 고려대로24길 51 1층 & 2층,,1522-3232
제주고깃집 안암점,"육류,고기",4.5,86,https://place.map.kakao.com/24923695,서울 성북구 안암로 69-1,영업시간 매일 17:00 ~ 24:00,02-926-3696
보헤미안,커피전문점,3.3,9,https://place.map.kakao.com/9028361,서울 성북구 개운사길 22-3 지하 1층,영업시간 월~금 12:00 ~ 21:00,02-927-7949
토로생선구이,"해물,생선",4.8,18,https://place.map.kakao.com/1523499015,서울 성북구 고려대로28길 14,,02-923-3539
키라쿠,카페,3.9,109,https://place.map.kakao.com/789579036,서울 동대문구 약령시로 5-1 아이리스빌딩 1층,영업시간 월~금 10:00 ~ 23:00,
중국관,중화요리,4.7,14,https://place.map.kakao.com/340735999,서울 동대문구 고산자로56길 17 1층,영업시간 화~일 11:00 ~ 20:00,02-962-3514
고대앞멸치국수,국수,2.5,12,https://place.map.kakao.com/12007185,서울 동대문구 제기로 2,매일 10:00 ~ 02:00,02-928-9394
소문난 보배곱창,"곱창,막창",4.8,13,https://place.map.kakao.com/16586999,서울 동대문구 고산자로 539-1,영업시간 매일 16:00 ~ 24:00,02-963-7323
형제집,한식,4.4,33,https://place.map.kakao.com/16529587,서울 동대문구 제기로6길 14-2,매일 15:00 ~ 02:00,02-921-3626
달콤퐁당 고대점,디저트카페,4.4,21,https://place.map.kakao.com/424982024,서울 동대문구 안암로24길 8,영업시간 월~토 11:00 ~ 20:00,02-919-8268
식빵이맛있는집 네모 고대직영점,"제과,베이커리",2.4,61,https://place.map.kakao.com/1786695359,서울 성북구 고려대로 96,영업시간 매일 08:30 ~ 22:30,02-3272-8400
오소리순대 본점,순대,2.8,6,https://place.map.kakao.com/8010882,서울 동대문구 회기로4길 16,영업시간 매일 10:30 ~ 22:00,02-918-9797
맥도날드 종암SK점,패스트푸드,2.6,7,https://place.map.kakao.com/7860480,서울 성북구 종암로 58,매일 00:00 ~ 24:00,070-7017-0661
장위동유성집 고대점,"육류,고기",3.1,12,https://place.map.kakao.com/14747096,서울 성북구 안암로 117,영업시간 매일 11:00 ~ 23:00,02-922-5443
백소정 고대역점,"돈까스,우동",2.5,22,https://place.map.kakao.com/616431962,서울 동대문구 안암로 144 1층,영업시간 매일 11:00 ~ 20:30 · 브레이크타임 매일 14:30 ~ 17:00,02-922-2021
스타벅스 고대점,커피전문점,3.2,9,https://place.map.kakao.com/7961278,서울 성북구 고려대로24길 51 1층 & 2층,영업시간 월~금 07:00 ~ 21:00,1522-3232
KFC 고대안암점,패스트푸드,3.0,4,https://place.map.kakao.com/1907025237,서울 성북구 개운사길 5 세한빌딩 1층,,02-923-8162
홍도야빈대떡,한식,3.6,11,https://place.map.kakao.com/16472986,서울 동대문구 제기로 11-1,,02-953-1092
서안메밀집 서울고대점,국수,4.5,8,https://place.map.kakao.com/1475783855,서울 동대문구 제기로 23 1층,,02-924-4519
라라면가,중식,4.2,126,https://place.map.kakao.com/697084504,서울 성북구 동소문로22길 57-25,,02-921-4851
오박사네돈까스전문점 고대점,"돈까스,우동",3.2,11,https://place.map.kakao.com/16902781,서울 성북구 북악산로 1055,,02-922-9759
프릭타이,태국음식,4.0,27,https://place.map.kakao.com/389501703,서울 성북구 회기로 7 1층,,010-8538-5872
정이정,카페,3.9,64,https://place.map.kakao.com/964447498,서울 성북구 종암로 82-15,,
최고당돈가스 성신여대점,"돈까스,우동",4.2,98,https://place.map.kakao.com/1393612884,서울 성북구 보문로34길 77 1층,,02-921-8822
밀플랜비 서울고려대점,"멕시칸,브라질",4.2,9,https://place.map.kakao.com/688315439,서울 성북구 개운사길 52 1층,,070-4191-0502
마이셰프,이탈리안,4.0,12,https://place.map.kakao.com/848466596,서울 성북구 고려대로24가길 14-1,,070-7799-6768
코케코코,"돈까스,우동",4.1,13,https://place.map.kakao.com/15608382,서울 동대문구 안암로24길 5 1층,,
버거킹 고대중앙광장점,패스트푸드,3.3,0,https://place.map.kakao.com/26583945,서울 성북구 안암로 145 지하1층 124호,,070-7462-8772
감초식당,한식,2.9,88,https://place.map.kakao.com/21232071,서울 동대문구 약령서길 28,,02-962-4570
비나레스토랑 2호점,인도음식,5.0,16,https://place.map.kakao.com/27174790,서울 성북구 고려대로24길 3-42 2층,,02-928-5860
동해자연산회센타 해적수산,회,4.3,0,https://place.map.kakao.com/12247089,서울 동대문구 제기로 3-1,,02-953-9098
큰대문집,갈비,4.0,9,https://place.map.kakao.com/9546282,서울 성북구 종암로14길 6-21,영업시간 매일 11:30 ~ 21:30,02-913-0902
크치치킨 고려대본점,치킨,3.8,9,https://place.map.kakao.com/641407772,서울 동대문구 고산자로56길 7,월~토 14:00 ~ 00:30,02-957-9285
백미향 고려대점,중식,4.5,10,https://place.map.kakao.com/1134371524,서울 동대문구 안암로 140 KEBY타워 1층,,
미각 고대본점,양꼬치,2.4,18,https://place.map.kakao.com/27380875,서울 성북구 고려대로24길 44,매일 00:00 ~ 24:00,02-927-8858
동선식당,갈비,4.6,129,https://place.map.kakao.com/399918679,서울 성북구 보문로30라길 9 1층,영업시간 매일 11:00 ~ 23:00,02-953-6632
연어사랑 고대점,"해물,생선",4.7,8,https://place.map.kakao.com/27232932,서울 동대문구 안암로22길 16 1층,영업시간 매일 11:00 ~ 22:00,02-928-8243
카페 헤이피,커피전문점,4.5,38,https://place.map.kakao.com/1674338464,서울 동대문구 제기로2길 11 2층,영업시간 화~토 12:00 ~ 22:00,070-8733-3946
평범식당,"찌개,전골",3.6,16,https://place.map.kakao.com/322033066,서울 동대문구 제기로5길 35,영업시간 월~토 11:00 ~ 20:00,070-7817-9976
충주집,닭요리,4.8,8,https://place.map.kakao.com/8094273,서울 동대문구 제기로6길 5 1층,매일 15:00 ~ 05:00,02-923-1068
설빙 서울고대점,디저트카페,3.8,9,https://place.map.kakao.com/24483772,서울 성북구 고려대로24길 14 2층,영업시간 매일 10:30 ~ 22:30,070-8231-5157
국수먹는꼴뚜기,국수,3.8,22,https://place.map.kakao.com/14615442,서울 성북구 고려대로28길 20 1층,월~토 11:00 ~ 01:00,02-926-0676
두부촌,두부전문점,3.3,20,https://place.map.kakao.com/26974065,서울 성북구 안암로 43,영업시간 매일 11:00 ~ 22:00,02-922-1783
어머니대성집,해장국,3.4,220,https://place.map.kakao.com/907979960,서울 동대문구 왕산로11길 4,영업시간 화~토 05:00 ~ 22:00,02-923-1718
교촌치킨 안암점,치킨,3.2,3,https://place.map.kakao.com/10139496,서울 동대문구 안암로 122,영업시간 매일 12:00 ~ 24:00,02-923-3363
특별식당,일식,4.9,17,https://place.map.kakao.com/2040703324,서울 동대문구 제기로2길 15 1층,영업시간 매일 11:30 ~ 24:00 · 브레이크타임 매일 14:00 ~ 17:00,
카페루틴,카페,4.0,113,https://place.map.kakao.com/293334422,서울 성북구 보문로34가길 6 1층,,
아바이토종순대국 안암오거리점,순대,3.4,5,https://place.map.kakao.com/1831736172,서울 성북구 안암로9가길 80-17 1층,,02-928-3646
강다짐삼각김밥 고대점,분식,3.3,4,https://place.map.kakao.com/1523398613,서울 성북구 고려대로24길 23,,02-929-0498
마포숯불갈비,갈비,4.2,13,https://place.map.kakao.com/8967560,서울 동대문구 회기로8길 4,,02-969-8975
뚝닭,닭요리,4.6,17,https://place.map.kakao.com/2054623085,서울 동대문구 제기로5길 31 크림슨하우스 1층,,02-927-1900
한잔의 추억,"호프,요리주점",4.6,15,https://place.map.kakao.com/15997089,서울 성북구 고려대로26길 30,,02-3291-4848
할머니냉면,냉면,3.5,174,https://place.map.kakao.com/10926416,서울 동대문구 왕산로37길 51,,02-963-5362
탕화쿵푸마라탕 고려대점,중식,5.0,8,https://place.map.kakao.com/962124402,서울 성북구 고려대로27길 24-2 2층,,010-8792-5198
마이버터드림,디저트카페,3.9,45,https://place.map.kakao.com/812005713,서울 성북구 고려대로 43,,02-6085-0111
양자설렁탕,설렁탕,3.0,6,https://place.map.kakao.com/21327509,서울 성북구 종암로 25,,02-953-3234
돈까스하우스,"돈까스,우동",4.8,16,https://place.map.kakao.com/23326350,서울 성북구 고려대로27길 15,,
역시커피,디저트카페,4.4,18,https://place.map.kakao.com/1261420085,서울 동대문구 회기로 28,,
금복식당,한식,5.0,9,https://place.map.kakao.com/21232037,서울 동대문구 안암로20길 16,,02-923-7844
태조감자국,감자탕,3.6,159,https://place.map.kakao.com/1755515956,서울 성북구 보문로34길 43 세학빌딩 1층,,02-921-7667
나정순할매쭈꾸미,"해물,생선",4.1,468,https://place.map.kakao.com/27175293,서울 동대문구 무학로 144,,02-928-0231
신룽푸마라탕 고대점,중화요리,1.8,11,https://place.map.kakao.com/587518847,서울 성북구 고려대로24길 35 2층,,02-6404-2014
만복식당,한식,4.8,13,https://place.map.kakao.com/1598858982,서울 성북구 개운사길 34,,02-922-2300
투썸플레이스 고려대법학관점,커피전문점,3.0,1,https://place.map.kakao.com/18410992,서울 성북구 안암로 145,,02-927-2379
투고샐러드 고려대점,양식,4.3,12,https://place.map.kakao.com/730606174,서울 성북구 고려대로28길 5,,02-953-6070
언제나만족 본점,"족발,보쌈",4.6,6,https://place.map.kakao.com/610932305,서울 동대문구 회기로 40,,02-963-4556
동대문엽기떡볶이 고려대점,떡볶이,1.3,5,https://place.map.kakao.com/15637404,서울 동대문구 안암로 138 1층,,02-922-8592
자스민,중화요리,3.0,7,https://place.map.kakao.com/12250954,서울 성북구 종암로5길 36,,02-929-8955
이수영피자 본점,피자,4.5,14,https://place.map.kakao.com/19133071,서울 동대문구 안암로24길 5,,02-911-2001
무아국수집,국수,3.5,10,https://place.map.kakao.com/15885047,서울 성북구 개운사길 18,,02-927-7050
삼통치킨 안암본점,치킨,3.9,16,https://place.map.kakao.com/12274642,서울 성북구 고려대로 92,,
하남돼지집 종암점,삼겹살,3.3,13,https://place.map.kakao.com/121534351,서울 성북구 종암로 73,,02-921-3151
노브랜드버거 고려대점,패스트푸드,3.9,21,https://place.map.kakao.com/840367166,서울 성북구 고려대로24길 51 1층,,02-921-6251
리얼파스타 안암점,이탈리안,4.3,40,https://place.map.kakao.com/701299631,서울 성북구 고려대로28길 17-3 1층,,070-8808-7153
탄,일식,3.3,12,https://place.map.kakao.com/14506636,서울 성북구 고려대로27길 25 1층,,02-555-5977
콜렉티보 안암설성점 (휴업중 ),카페,4.6,29,https://place.map.kakao.com/579744858,서울 성북구 고려대로27길 6 2층,,02-923-5221
BHC치킨 고대역점,치킨,2.2,1,https://place.map.kakao.com/1737038956,서울 동대문구 안암로 164 1층,영업시간 매일 11:00 ~ 23:45,02-925-2100
윤휘식당,일식,3.3,162,https://place.map.kakao.com/27089788,서울 성북구 보문로34길 70 2층,영업시간 매일 11:30 ~ 21:30 · 브레이크타임 매일 15:30 ~ 17:30,02-922-0851
스시토로 고대2호점,"초밥,롤",4.5,4,https://place.map.kakao.com/1577829392,서울 성북구 개운사길 5 2층,영업시간 월~토 10:30 ~ 21:30 · 브레이크타임 월~토 16:00 ~ 17:00,
버거킹 안암오거리점,패스트푸드,2.1,10,https://place.map.kakao.com/159161105,서울 성북구 안암로 73,영업시간 매일 09:00 ~ 24:00,02-922-0332
짚신매운갈비찜 고대점,갈비,2.3,4,https://place.map.kakao.com/19010470,서울 성북구 안암동5가 103-27,,02-923-5484
넘버팔오,중식,3.0,4,https://place.map.kakao.com/20708814,서울 성북구 고려대로28길 17,,
지호한방삼계탕 고려대점,닭요리,5.0,5,https://place.map.kakao.com/1871999211,서울 성북구 종암로 18 거산프라자 본관 1층,영업시간 월~토 11:00 ~ 21:30,02-919-9234
투썸플레이스 고대SK미래관점,커피전문점,4.5,0,https://place.map.kakao.com/749933700,서울 성북구 안암로 145 sk미래관 지하1층,영업시간 월~금 09:00 ~ 17:00,02-927-2375
맘스터치 고대타이거플라자점(2021년8월31일까지휴업),패스트푸드,3.0,1,https://place.map.kakao.com/27503502,서울 성북구 안암로 145 1층,,02-926-2622
카페브레송,카페,4.0,17,https://place.map.kakao.com/14607942,서울 동대문구 안암로22길 6,영업시간 매일 10:00 ~ 23:00,
내가찜한닭 고려대점,닭요리,2.5,18,https://place.map.kakao.com/1601611304,서울 성북구 고려대로24길 32 칠보빌딩,,02-929-1237
달링스테이크 고려대가족점,"스테이크,립",4.7,12,https://place.map.kakao.com/125113828,서울 성북구 고려대로27길 9 2층,영업시간 매일 11:00 ~ 23:00,02-924-8525
땡전집,"호프,요리주점",4.7,13,https://place.map.kakao.com/16846547,서울 성북구 고려대로24길 24,매일 16:00 ~ 05:00,02-929-8295
곰이네국밥집,국밥,5.0,4,https://place.map.kakao.com/28555787,서울 동대문구 제기로 2-1,"영업시간 월,화,목,금,토,일 10:30 ~ 22:30",02-929-9963
버거파크 성신여대점,햄버거,3.8,141,https://place.map.kakao.com/26546805,서울 성북구 동소문로22길 56 1층,영업시간 매일 11:30 ~ 22:00,02-955-3005
이디야커피 고대개운점,커피전문점,5.0,4,https://place.map.kakao.com/21062553,서울 성북구 개운사길 30,영업시간 매일 08:00 ~ 23:50,02-925-0168
다락,술집,3.8,37,https://place.map.kakao.com/734944268,"서울 성북구 고려대로 95 2,3층",월~토 17:00 ~ 02:00,
수저가,중화요리,4.8,15,https://place.map.kakao.com/688654430,서울 성북구 안암로 89-3 1층,영업시간 화~일 10:30 ~ 20:30 · 브레이크타임 화~일 15:00 ~ 16:30,02-953-6878
역전할머니맥주,"호프,요리주점",2.7,3,https://place.map.kakao.com/1041440757,서울 성북구 고려대로24길 14 1층,,
수아당,분식,3.8,615,https://place.map.kakao.com/423978426,"서울 성북구 동소문로20가길 33 1,2층",영업시간 매일 08:00 ~ 20:00,02-926-0625
치즈를사랑한찜닭 고려대점,닭요리,3.6,14,https://place.map.kakao.com/1149832016,서울 성북구 개운사길 21-3 2층,영업시간 매일 10:00 ~ 22:00,02-929-2007
꽌부이,베트남음식,3.0,14,https://place.map.kakao.com/1936926021,서울 성북구 고려대로27길 28,영업시간 매일 11:30 ~ 21:00 · 브레이크타임 매일 15:00 ~ 17:00,
시작이밤이다 2호점,양식,4.8,9,https://place.map.kakao.com/2081725711,서울 성북구 고려대로 114,매일 18:00 ~ 03:00,010-3039-4788
제순식당 성신여대본점,한식,3.9,138,https://place.map.kakao.com/27228476,서울 성북구 동소문로20다길 30-8,영업시간 매일 10:00 ~ 22:00,02-927-2007
싱싱오징어바다 안암고대점,"해물,생선",4.5,11,https://place.map.kakao.com/16734699,서울 성북구 고려대로26길 15,,02-927-7303
아미가,한식,4.8,5,https://place.map.kakao.com/26899865,서울 성북구 북악산로29길 9,,02-922-5558
능이갈비탕삼계탕 제기점,삼계탕,2.9,1,https://place.map.kakao.com/26851267,서울 동대문구 약령시로 56 1층,영업시간 매일 08:00 ~ 22:00,02-959-9590
전광수커피하우스 고려대점,커피전문점,4.5,7,https://place.map.kakao.com/14715714,서울 성북구 고려대로 104-1,영업시간 월~금 10:00 ~ 23:00,02-928-0234
스시와다,"초밥,롤",2.2,6,https://place.map.kakao.com/1882741853,서울 동대문구 종암로 2-1 1층,,02-928-7519
고대기사,기사식당,5.0,1,https://place.map.kakao.com/24741636,서울 동대문구 제기로 17,,02-964-3891
북경양꼬치,양꼬치,3.7,16,https://place.map.kakao.com/13693145,서울 성북구 고려대로24길 3-36 1층,,02-953-5880
레쓰이즈모어,커피전문점,4.9,1,https://place.map.kakao.com/18946551,서울 성북구 개운사길 42-3,,02-3291-0045
밀집,카페,5.0,3,https://place.map.kakao.com/931083879,서울 성북구 종암로5길 87,,
광주식당감자탕,감자탕,4.5,8,https://place.map.kakao.com/13288989,서울 동대문구 제기로5길 35,,02-929-5582
고려성,중화요리,3.3,21,https://place.map.kakao.com/10163584,서울 성북구 안암로 69-1 2층,,02-923-9577
미스터피자 고대점,피자,2.7,17,https://place.map.kakao.com/22642834,서울 성북구 고려대로24길 58-5 고려안암빌딩 2층,,02-924-1693
베트남노상식당 고려대점,베트남음식,3.8,7,https://place.map.kakao.com/285411790,서울 성북구 고려대로26길 42-1 1층,,02-927-7006
함경면옥,냉면,2.2,57,https://place.map.kakao.com/11199542,서울 동대문구 왕산로 87,,02-921-7300
공차 고대안암점,카페,2.7,5,https://place.map.kakao.com/1937303381,서울 성북구 고려대로24길 17 1층,,
광동수산조개구이,조개,1.7,5,https://place.map.kakao.com/16848186,서울 성북구 회기로 3 1층,,02-942-8885
배스킨라빈스 고대안암,아이스크림,1.5,3,https://place.map.kakao.com/1243607202,서울 성북구 고려대로24길 25,,02-924-0805
싸움의고수 고대점,"족발,보쌈",1.7,8,https://place.map.kakao.com/27087251,서울 성북구 고려대로24가길 1,,02-921-1578
무등산참숯갈비,갈비,4.8,22,https://place.map.kakao.com/7878581,서울 성북구 개운사길 15,,02-925-0062
안동집,국수,3.4,23,https://place.map.kakao.com/15629433,서울 동대문구 고산자로36길 3 경동시장 신관지하1층 8-2호,,02-965-3948
메가커피 고대점,커피전문점,4.0,2,https://place.map.kakao.com/512026481,서울 성북구 고려대로27길 15 1층,,02-924-7290
국수사랑,국수,4.6,9,https://place.map.kakao.com/438137183,서울 동대문구 안암로22길 16 지하1층,,02-929-3002
카페비,카페,2.9,22,https://place.map.kakao.com/1893082733,서울 성북구 보문로30길 71,,02-921-7797
늘안암,"호프,요리주점",5.0,15,https://place.map.kakao.com/287847214,서울 성북구 고려대로24가길 13-2 1층,,070-4799-1748
안암아줌마치킨 고대점,치킨,4.8,13,https://place.map.kakao.com/1748696021,서울 성북구 고려대로24길 37,,02-925-0420
카페애일,카페,5.0,10,https://place.map.kakao.com/1936135101,서울 성북구 개운사길 66 리벨라 1층,,
파리바게뜨 고대역점,"제과,베이커리",4.4,0,https://place.map.kakao.com/12344286,서울 동대문구 고산자로 564,,02-926-8204
로스디아스,카페,4.6,54,https://place.map.kakao.com/1774383267,서울 성북구 동소문로22길 67 2층,,02-921-4800
팔선생 제기점,중식,3.3,1,https://place.map.kakao.com/13093737,서울 동대문구 회기로 34,,
동강용봉탕,"매운탕,해물탕",5.0,6,https://place.map.kakao.com/16679521,서울 동대문구 약령시로 52,,02-959-0399
커피명가 안암점,카페,4.2,34,https://place.map.kakao.com/26488245,서울 성북구 안암로5길 40 java빌딩 1층,,02-928-0892
모이리타,이탈리안,4.2,15,https://place.map.kakao.com/12143134,서울 성북구 고려대로24길 20 2층,,02-922-2292
더베리와플,"제과,베이커리",5.0,12,https://place.map.kakao.com/1892675241,서울 성북구 개운사길 22-3,,
더스터디,북카페,2.0,3,https://place.map.kakao.com/49964499,서울 성북구 개운사길 5 4층,,02-925-2225
투고샐러드 본점,양식,3.8,37,https://place.map.kakao.com/21136493,서울 성북구 보문로34나길 3,,02-999-2217
짜장마을,중화요리,2.3,0,https://place.map.kakao.com/93883970,서울 동대문구 안암로 160-1,,02-927-8825
그릭데이 고려대점,카페,4.4,29,https://place.map.kakao.com/1749745660,서울 성북구 고려대로24길 45 1층,,
고모집,한식,5.0,3,https://place.map.kakao.com/21393204,서울 동대문구 제기로 9-4,,02-922-7069
문가네정육식당 종암점,"육류,고기",3.7,11,https://place.map.kakao.com/281068189,서울 성북구 종암로 86 1층,,02-909-0354
스시진,"초밥,롤",4.1,0,https://place.map.kakao.com/13028116,서울 성북구 안암로 69-1,,02-922-4638
한사우순두부,두부전문점,3.5,12,https://place.map.kakao.com/26610420,서울 성북구 고려대로 76,,02-928-2866
다손김밥전문점,분식,4.9,3,https://place.map.kakao.com/16904989,서울 동대문구 안암로 148-1,,02-928-7078
완도회집,회,5.0,4,https://place.map.kakao.com/21330031,서울 동대문구 고산자로 503-1,,02-967-6880
노랑통닭 고대점,치킨,4.3,11,https://place.map.kakao.com/26988431,서울 성북구 고려대로26길 12,,02-921-8282
스미뜨,햄버거,4.5,6,https://place.map.kakao.com/132400051,서울 동대문구 제기로5길 36 1층,,
양지설렁탕,설렁탕,4.5,13,https://place.map.kakao.com/15935288,서울 성북구 고려대로 47,,02-926-4472
모블러,카페,4.5,56,https://place.map.kakao.com/327691864,서울 성북구 동소문로26다길 26,,
오후홍콩 성신여대점,카페,3.9,225,https://place.map.kakao.com/364220603,서울 성북구 동소문로24가길 16,,02-6497-6787
육쌈냉면 고대점,냉면,2.8,9,https://place.map.kakao.com/26809307,서울 성북구 고려대로24길 6 2층,,02-921-4470
경복궁우동냉면 고려대점,국수,4.0,18,https://place.map.kakao.com/331053373,서울 성북구 고려대로 100 1층,,02-928-2929
샐러데이,샐러드,4.2,5,https://place.map.kakao.com/26971730,서울 성북구 개운사길 45 1층,,02-6093-5449
메가커피 고대정문점,커피전문점,3.0,0,https://place.map.kakao.com/1689402527,서울 동대문구 안암로 158-1,,
써니사이드커피,커피전문점,4.0,56,https://place.map.kakao.com/1837706406,서울 동대문구 안암로 58 1층,,070-8688-2905
본죽&비빔밥cafe 고려대점,퓨전한식,2.6,1,https://place.map.kakao.com/16617901,"서울 성북구 고려대로 90 2,3층",,02-921-7921
공푸,중화요리,4.3,157,https://place.map.kakao.com/24353265,서울 성북구 삼선교로24길 29,,070-7566-4683
황금사탕,디저트카페,4.2,10,https://place.map.kakao.com/1661611917,서울 성북구 종암로9길 8-10,,02-953-0357
석이네초밥집,일식,4.0,6,https://place.map.kakao.com/523546311,서울 성북구 고려대로28길 7-6,,02-924-8923
샐러디 고대안암점,샐러드,3.7,2,https://place.map.kakao.com/305347266,서울 성북구 고려대로28길 12,,02-928-2880
고품콩,"육류,고기",4.6,19,https://place.map.kakao.com/1786234637,서울 성북구 안암로 87-5,,02-2605-7217
고대서서갈비 안암본점,갈비,3.7,8,https://place.map.kakao.com/2012769847,서울 성북구 안암로 81-4,,02-953-3451
도미노피자 홍릉점,피자,1.6,4,https://place.map.kakao.com/908854889,서울 동대문구 회기로 30,,02-963-3082
미소초밥,"초밥,롤",3.1,8,https://place.map.kakao.com/91683450,서울 성북구 개운사길 19,,02-766-3539
모던바이츠,"제과,베이커리",4.6,19,https://place.map.kakao.com/799911250,서울 성북구 보문로32길 69,,
56st 안암점,술집,4.7,0,https://place.map.kakao.com/947935776,서울 성북구 고려대로26길 25 1층,,02-928-0010
디에스티,카페,0.0,6,https://place.map.kakao.com/630977212,서울 성북구 고려대로 104,,
메기의추억,"매운탕,해물탕",4.8,29,https://place.map.kakao.com/27165317,서울 성북구 종암로 98-7,,02-922-8690
옥두헌손두부,두부전문점,2.4,14,https://place.map.kakao.com/27512344,서울 성북구 개운사길 18,영업시간 매일 07:00 ~ 22:00,02-928-2855
아키엠커피,카페,5.0,3,https://place.map.kakao.com/880059785,서울 동대문구 회기로8길 13 웰섬빌딩 지하 1층,,010-7912-1510
빽다방 안암역점,커피전문점,4.8,1,https://place.map.kakao.com/27287960,서울 성북구 고려대로 99-7 1층,영업시간 월~금 08:00 ~ 21:00,02-925-3246
일미옥,중식,4.7,5,https://place.map.kakao.com/24787773,서울 성북구 개운사길 22-6,,02-929-7889
카페평행선,카페,4.5,45,https://place.map.kakao.com/1011869081,서울 성북구 고려대로13길 46 1층,"영업시간 월,수,목,금,토,일 12:00 ~ 21:00",
본샤브칼국수,샤브샤브,5.0,4,https://place.map.kakao.com/355254390,서울 성북구 고려대로24길 16 2층,,02-922-6892
홍콩반점0410 고대안암점,중화요리,3.3,5,https://place.map.kakao.com/13062453,서울 성북구 고려대로24가길 6 2층,"영업시간 월,화,수,목,토,일 11:00 ~ 21:00 · 브레이크타임 월,화,수,목,토,일 15:30 ~ 16:30",02-6084-8864
달콤크레페,"제과,베이커리",4.6,1,https://place.map.kakao.com/1588628864,서울 성북구 안암로 117,영업시간 월~토 12:00 ~ 21:30,
빵장수단팥빵 성북구점,"제과,베이커리",4.2,6,https://place.map.kakao.com/1651500202,서울 성북구 종암로 69 1층,영업시간 매일 08:00 ~ 22:00,02-925-8500
발리하이,아시아음식,4.8,12,https://place.map.kakao.com/495069275,서울 동대문구 제기로2길 15 1층,영업시간 월~토 11:30 ~ 21:00,
전통만두국,한식,3.1,30,https://place.map.kakao.com/11160925,서울 성북구 고려대로8길 67,"영업시간 월,화,수,목,금,일 10:30 ~ 21:00",02-926-8756
파리바게뜨 안암역점,"제과,베이커리",1.0,1,https://place.map.kakao.com/15664680,서울 성북구 고려대로24길 9 1층,영업시간 매일 07:00 ~ 23:00,02-925-4103
커피빈 고대참살이길점,커피전문점,4.0,1,https://place.map.kakao.com/27320202,"서울 성북구 고려대로24길 25 2,3층",영업시간 매일 09:00 ~ 20:00,02-923-7735
정상,"호프,요리주점",3.1,8,https://place.map.kakao.com/15930847,서울 성북구 개운사길 2,,02-921-4284
뚜레쥬르 카페안암역점,"제과,베이커리",4.4,1,https://place.map.kakao.com/688051064,서울 성북구 고려대로24길 20 1층,,02-922-8204
애정마라샹궈 본점,중식,4.3,244,https://place.map.kakao.com/25451287,서울 성북구 동소문로20나길 11 2층,,02-921-3721
광주집,"사철탕,영양탕",4.5,1,https://place.map.kakao.com/14519634,서울 동대문구 제기로 69,,02-3295-1128
히포크라테스스프,양식,4.5,22,https://place.map.kakao.com/1507734638,서울 성북구 고려대로28길 12-3 1층,,02-923-3932
아임빈,커피전문점,4.8,6,https://place.map.kakao.com/13122475,서울 성북구 개운사길 57-3,,02-925-1382
우토,일본식주점,3.9,51,https://place.map.kakao.com/1271420842,서울 성북구 보문로30길 33,,02-929-7145
한솥도시락 고대안암점,도시락,4.9,3,https://place.map.kakao.com/11634443,서울 성북구 고려대로 102 1층,,02-927-1830
와플대학 고대안암캠퍼스,"제과,베이커리",2.3,8,https://place.map.kakao.com/431379884,서울 성북구 고려대로 102 1층,,02-923-7526
두루두루 고대본점,"호프,요리주점",5.0,5,https://place.map.kakao.com/15604490,서울 성북구 종암로3길 18 1층,,
진미식당,한식,5.0,7,https://place.map.kakao.com/15189747,서울 동대문구 제기로2길 8,,02-922-6190
제주고깃집 성북구청점,"육류,고기",4.6,145,https://place.map.kakao.com/2050246779,서울 성북구 보문로 144,,02-921-0505
니뽕내뽕 고려대점,퓨전요리,5.0,7,https://place.map.kakao.com/26774218,서울 성북구 고려대로24길 23 2층,,070-7722-2848
이가네 황소곱창숯불막창,"곱창,막창",4.0,11,https://place.map.kakao.com/12389727,서울 성북구 고려대로26길 39,,02-927-3586
놀숲 고대안암역점,만화카페,3.4,3,https://place.map.kakao.com/623573296,서울 성북구 개운사길 8 4층,,02-921-7942
호정닭한마리,닭요리,4.0,5,https://place.map.kakao.com/12665845,서울 동대문구 안암로18가길 32,,02-953-2624
캘린더커피스탠드,카페,4.5,33,https://place.map.kakao.com/1882262993,서울 성북구 고려대로 40,,
반월,한정식,5.0,2,https://place.map.kakao.com/8319660,서울 성북구 월곡로 29,,02-941-0308
소문난의정부부대찌개 고대점,"찌개,전골",3.5,4,https://place.map.kakao.com/727605325,서울 동대문구 안암로22길 5 1층,,02-925-3343
리이케커피,커피전문점,3.9,9,https://place.map.kakao.com/1010914003,서울 성북구 보문로34가길 24 1층,,010-7173-1965
옥다방,카페,5.0,25,https://place.map.kakao.com/245814304,서울 동대문구 제기로6길 11 1층 101호,,
카페 멜로우,카페,4.9,0,https://place.map.kakao.com/1444390122,서울 동대문구 안암로24길 20-4 1층,,070-8778-3003
매머드익스프레스 고대2호점,커피전문점,4.0,0,https://place.map.kakao.com/1687849271,서울 성북구 개운사길 22-6,,
히포크라테스스프 고대정문점,양식,5.0,5,https://place.map.kakao.com/760931757,서울 동대문구 안암로 138 1층,,02-923-3932
유어즈에버,카페,5.0,8,https://place.map.kakao.com/793674170,서울 성북구 종암로9길 52 1층,,010-8960-2247
돼야지 고대본점,"육류,고기",4.2,2,https://place.map.kakao.com/16875247,서울 성북구 고려대로24가길 12,,02-953-6022
청년다방 고대안암점,떡볶이,2.1,19,https://place.map.kakao.com/706528716,서울 성북구 안암로 77,,02-926-8588
광주식당,한식,3.3,128,https://place.map.kakao.com/18829150,서울 동대문구 경동시장로2길 49-4,,02-969-4403
추억의옛날떡볶이,떡볶이,2.8,99,https://place.map.kakao.com/15771300,서울 성북구 동소문로22길 39-5,,
소문난고향순대국전문점,순대,2.6,1,https://place.map.kakao.com/13290885,서울 동대문구 제기로9길 2,,02-959-2530
앤드모어,카페,4.3,4,https://place.map.kakao.com/1460653724,서울 성북구 북악산로29길 5,,
빅스타피자 서울안암점,피자,3.0,1,https://place.map.kakao.com/1548461997,서울 동대문구 안암로 140 1층,,02-927-7440
도미노피자 고대점,피자,1.4,3,https://place.map.kakao.com/20961831,서울 동대문구 안암로 82,,02-966-3082
은화수식당 고려대점,"돈까스,우동",2.7,14,https://place.map.kakao.com/660752663,서울 성북구 안암로 77 1층,,
종암참숯장어구이,장어,1.0,6,https://place.map.kakao.com/23383181,서울 성북구 종암로 63,,02-929-5886
달콤퐁당,카페,4.1,7,https://place.map.kakao.com/2009759375,서울 성북구 고려대로13길 57,,02-929-1143
보문골한옥집,한식,3.9,28,https://place.map.kakao.com/9820479,서울 성북구 고려대로2길 77,,02-922-1538
멕시카나치킨 고려대점,치킨,3.7,2,https://place.map.kakao.com/19591517,서울 동대문구 제기로 15,,02-922-9233
원오프카페,카페,2.7,191,https://place.map.kakao.com/2066961828,서울 성북구 동소문로22길 57-4 2층,,
노르웨이의숲,커피전문점,5.0,11,https://place.map.kakao.com/27345658,서울 성북구 고려대로13길 55,,02-921-0969
희야,일본식주점,5.0,9,https://place.map.kakao.com/27382008,서울 성북구 고려대로26길 32,,
종암골생고기,"육류,고기",3.3,8,https://place.map.kakao.com/715299871,서울 동대문구 회기로 16-1 동원빌딩 1층,,02-921-4031
맛식당연어랑,일식,4.9,9,https://place.map.kakao.com/614426999,서울 성북구 북악산로31길 35 1층,,02-928-1502
닭잡는파로 고려대점,치킨,4.7,4,https://place.map.kakao.com/15665323,서울 성북구 고려대로24길 3-44,,02-924-3124
마카나이 고대점,일식,3.5,5,https://place.map.kakao.com/1089146430,서울 성북구 고려대로28길 11 1층,,02-923-7771
긴자료코 성신여대점,일식,3.4,59,https://place.map.kakao.com/1540691570,서울 성북구 보문로34가길 5 1층,,02-929-1655
스시만,일식,2.9,9,https://place.map.kakao.com/610009306,서울 성북구 종암로19길 17,,02-924-0771
황제곱창 고대본점,"곱창,막창",3.4,10,https://place.map.kakao.com/16085195,서울 성북구 고려대로26길 55,,02-922-1379
그릭데이 성신여대점,디저트카페,4.4,94,https://place.map.kakao.com/405171902,서울 성북구 보문로34길 64 1층,,02-6053-9222
치폴레옹 고려대점,치킨,5.0,24,https://place.map.kakao.com/805360813,서울 성북구 고려대로24길 45 2층,,02-6339-8869
우리할매떡볶이 성신여대점,떡볶이,3.7,99,https://place.map.kakao.com/1516547585,서울 성북구 보문로30길 82,,02-922-1107
황준호베이커리 본점,"제과,베이커리",3.9,4,https://place.map.kakao.com/12040771,서울 성북구 고려대로 86,,02-928-9542
금룡짬뽕,중화요리,2.5,8,https://place.map.kakao.com/1442821266,서울 성북구 고려대로24길 5 2층,,02-926-5533
공자식탁,중화요리,3.6,3,https://place.map.kakao.com/8183167,서울 동대문구 회기로8길 11,,02-966-7789
정만,카페,4.7,4,https://place.map.kakao.com/14882823,서울 성북구 개운사길 56 1층,,
더홈서울,커피전문점,3.7,100,https://place.map.kakao.com/595329992,서울 성북구 고려대로1길 87,,
옐로우피자 안암점,피자,1.0,4,https://place.map.kakao.com/237573926,서울 동대문구 안암로24길 27,,02-921-2682
인생설렁탕 고대안암역점,설렁탕,3.0,10,https://place.map.kakao.com/1905772298,서울 성북구 고려대로24길 24 1층,,02-6402-0121
대디J,칵테일바,0.0,0,https://place.map.kakao.com/17382390,서울 성북구 고려대로24길 3-3 지하층,,
와가리피순대 본점,순대,3.8,34,https://place.map.kakao.com/14881605,서울 동대문구 왕산로9길 22,,02-927-5477
그옛날즉석짜장 본점,중화요리,3.0,3,https://place.map.kakao.com/16441933,서울 동대문구 고산자로60길 49,,02-919-9804
마루샤브 용두직영점,샤브샤브,2.2,8,https://place.map.kakao.com/17913430,서울 동대문구 왕산로 61 한일빌딩 1층,,02-953-7443
제기집,닭요리,0.0,4,https://place.map.kakao.com/10091522,서울 동대문구 제기로6길 23,,02-925-3989
주유소버전2011,"호프,요리주점",4.4,3,https://place.map.kakao.com/15774007,서울 성북구 고려대로27길 19 2층,,070-8743-3252
토담,"찌개,전골",5.0,2,https://place.map.kakao.com/21329749,서울 성북구 고려대로27길 14 지하1층,,02-3291-0600
옥당골,한식,4.3,3,https://place.map.kakao.com/14607899,서울 성북구 종암로 23,,02-923-3720
당신의나의케이크,"제과,베이커리",5.0,15,https://place.map.kakao.com/1791128132,서울 성북구 보문로32길 96,영업시간 월~토 12:00 ~ 20:00,02-922-2016
요감만족 고려대직영점,"찌개,전골",5.0,9,https://place.map.kakao.com/2135913786,서울 성북구 고려대로24길 47 2층,,02-6487-8808
스타벅스 성신여대정문,커피전문점,4.6,14,https://place.map.kakao.com/1879177739,서울 성북구 보문로34길 62,영업시간 월~금 07:00 ~ 21:00,1522-3232
라이아,이탈리안,5.0,3,https://place.map.kakao.com/889475856,서울 동대문구 제기로 53-16,영업시간 화~목 11:30 ~ 24:00 · 브레이크타임 화~일 15:00 ~ 18:00,02-6369-3149
한식집밥,한식,4.8,5,https://place.map.kakao.com/1235398413,서울 성북구 개운사길 27,,02-929-0602
천막집,"육류,고기",4.2,45,https://place.map.kakao.com/1925267112,서울 성북구 보문로30길 31,월~토 17:30 ~ 01:00,
신의주순대와쭈꾸미 고대안암역점,순대,3.2,2,https://place.map.kakao.com/770878247,서울 성북구 고려대로 99,,02-926-7778
국시랑,국수,4.8,1,https://place.map.kakao.com/2142885834,서울 동대문구 제기로 15,,02-6369-8767
긴자료코 고려대점,일식,3.7,0,https://place.map.kakao.com/85980690,서울 성북구 안암로 145 지하1층,,02-923-5553
멘보샤 종암점,"호프,요리주점",4.3,12,https://place.map.kakao.com/1881528638,서울 성북구 월곡로 59 1층,월~토 17:00 ~ 02:00,010-8740-3345
키작은아저씨초밥,"초밥,롤",4.1,27,https://place.map.kakao.com/1928709820,서울 성북구 동소문로24길 37,영업시간 매일 11:00 ~ 23:30,050-7982-6584
무아국수집,국수,4.0,3,https://place.map.kakao.com/16735517,서울 성북구 종암로3길 13,,02-928-3235
아임찜닭 고대점,닭요리,5.0,3,https://place.map.kakao.com/272067736,서울 성북구 개운사길 22-6 2층,,02-929-9298
배떼기곱창 고대점,"곱창,막창",4.5,14,https://place.map.kakao.com/1974678903,서울 성북구 고려대로26길 42-3 2층,,010-8300-9865
봉구스밥버거 고려대점,주먹밥,1.3,0,https://place.map.kakao.com/19949083,서울 성북구 고려대로 101 1층,,02-928-4420
별난주점 고대안암점,"호프,요리주점",5.0,2,https://place.map.kakao.com/24449631,서울 성북구 고려대로24길 5,,02-953-8399
청보리꼴,한식,5.0,3,https://place.map.kakao.com/21242188,서울 성북구 북악산로 1062,,02-927-9966
영빈관,중화요리,2.0,3,https://place.map.kakao.com/9305036,서울 성북구 종암로19길 57,,02-923-2277
빈이네등갈비,"육류,고기",4.4,2,https://place.map.kakao.com/15702278,서울 성북구 회기로 15-2,,02-6015-9803
달래진족,"족발,보쌈",1.0,3,https://place.map.kakao.com/9196747,서울 성북구 고려대로24길 61,,02-923-2422
99수산 JS정성본점,회,2.0,1,https://place.map.kakao.com/947543914,서울 동대문구 제기로 51,,02-966-8721
춘천닭갈비,닭요리,2.8,1,https://place.map.kakao.com/15397421,서울 성북구 고려대로26길 42-3,,02-928-3030
고창풍천장어,장어,3.7,6,https://place.map.kakao.com/24974949,"서울 동대문구 홍릉로 47 1,2층",,02-964-8880
박군포차,실내포장마차,5.0,12,https://place.map.kakao.com/2044034865,서울 성북구 고려대로26길 34 1층,,02-3291-4848
미도즉석떡볶이&수제돈가스,분식,3.7,4,https://place.map.kakao.com/1272641612,서울 성북구 고려대로24가길 14 1층,,02-921-9291
향나무집,"육류,고기",1.3,2,https://place.map.kakao.com/9602513,서울 성북구 고려대로22길 5,,02-929-0720
이삭토스트 서울고려대점,토스트,2.6,1,https://place.map.kakao.com/12978361,서울 성북구 고려대로24길 39,,02-921-2248
정만빙수 고대2호점,카페,4.7,12,https://place.map.kakao.com/1864242211,서울 성북구 고려대로24가길 12 2층,,
포몬스 고대안암점,동남아음식,5.0,7,https://place.map.kakao.com/27585243,서울 성북구 고려대로24길 9 2층,,02-913-7963
한사우순두부,두부전문점,5.0,1,https://place.map.kakao.com/97881880,서울 성북구 종암로3길 3 1층,,02-926-0336
효이당,이탈리안,3.8,6,https://place.map.kakao.com/1030080486,서울 성북구 고려대로27길 30-2 1층,,
린다스,카페,5.0,4,https://place.map.kakao.com/687065523,서울 성북구 고려대로 117 1층,,070-8866-8016
튄닥vs꾼닥,치킨,4.5,2,https://place.map.kakao.com/1579121620,"서울 동대문구 안암로 134 1,2층",,02-929-2710
홍대개미 고대역점,퓨전일식,2.3,3,https://place.map.kakao.com/1447885271,서울 성북구 종암로9길 3 아주빌딩 1층,,02-921-1422
메종드루즈,"제과,베이커리",4.5,31,https://place.map.kakao.com/18888950,서울 성북구 보문로34길 68-5,,02-922-2092
한솥도시락 고대원룸촌점,도시락,3.5,0,https://place.map.kakao.com/17171490,서울 성북구 개운사길 22-2,,02-927-5832
투엔디 고대점,술집,5.0,2,https://place.map.kakao.com/16084059,서울 성북구 고려대로24길 48,,02-926-1282
안암카페 더보일,디저트카페,4.7,7,https://place.map.kakao.com/980615997,서울 성북구 고려대로28길 17-3 해랑빌딩 102호,,010-2679-2784
산적 안암고대점,"육류,고기",3.4,4,https://place.map.kakao.com/15506881,서울 성북구 고려대로26길 49,,02-816-9438
카페봄,카페,5.0,0,https://place.map.kakao.com/111592199,서울 성북구 개운사길 83-15,,
더허브,칵테일바,4.5,5,https://place.map.kakao.com/21965430,서울 성북구 고려대로24가길 8,,
한솥도시락 종암동점,도시락,5.0,1,https://place.map.kakao.com/21656075,서울 성북구 종암로5길 29,,02-953-8377
정다래함박스텍 안암점,"스테이크,립",4.0,4,https://place.map.kakao.com/24927290,서울 성북구 안암로9가길 91 1층,,02-928-7558
카페끄망,카페,5.0,4,https://place.map.kakao.com/1667392532,서울 동대문구 제기로5길 46,,010-3242-7022
핸썸베이글 고대점,"제과,베이커리",1.9,12,https://place.map.kakao.com/27098674,서울 성북구 개운사1길 23,,02-6449-1505
군자대한곱창 성신여대점,"곱창,막창",3.7,152,https://place.map.kakao.com/2084967355,서울 성북구 동소문로20다길 15 1층,,02-6013-9924
아마스빈 고대안암점,카페,3.3,0,https://place.map.kakao.com/2124636144,서울 성북구 개운사길 22-3 1층,,02-927-7732
밀양손칼국수집,국수,3.1,21,https://place.map.kakao.com/10402595,서울 성북구 동소문로26길 13,,02-924-7107
VIC,"호프,요리주점",5.0,12,https://place.map.kakao.com/1281136291,서울 동대문구 안암로 118-1 2층,,
놈파스타,이탈리안,3.1,43,https://place.map.kakao.com/11833894,서울 성북구 보문로30길 81,,02-929-1354
거품 고대점,칵테일바,4.3,2,https://place.map.kakao.com/15469986,서울 성북구 개운사길 12,,
막걸리집,"호프,요리주점",4.4,1,https://place.map.kakao.com/1455286251,서울 성북구 고려대로26길 14 1층 101호,,
카페J,디저트카페,4.3,3,https://place.map.kakao.com/1743464778,서울 성북구 개운사길 36,,
하노이별,동남아음식,3.7,2,https://place.map.kakao.com/11571059,서울 성북구 개운사길 5 세한빌딩 지하1층,,
팬쿡,양식,4.4,112,https://place.map.kakao.com/21573252,서울 성북구 동소문로24길 37 2층,,02-6339-3323
메이븐커피 종암점,카페,4.9,6,https://place.map.kakao.com/587183066,서울 성북구 북악산로31길 34 1층,,02-923-4197
탐앤탐스 고대점 (휴업중),커피전문점,4.0,8,https://place.map.kakao.com/20631623,서울 성북구 고려대로24길 63 지하1층~지상3층,,02-925-4565
경동연탄불돼지,"불고기,두루치기",3.3,12,https://place.map.kakao.com/101414363,서울 동대문구 약령서1길 34 1층,,02-960-3360
김통,"육류,고기",3.8,109,https://place.map.kakao.com/26869649,서울 성북구 동소문로 124 1층,,02-921-4007
청량리함흥냉면,냉면,3.9,18,https://place.map.kakao.com/20224569,서울 동대문구 홍릉로5길 13,,02-960-6761
정차돌,"육류,고기",3.0,0,https://place.map.kakao.com/215396944,서울 성북구 고려대로26길 37 1층,,
보드게임카페 로직 안암점,보드카페,3.4,9,https://place.map.kakao.com/334610092,서울 성북구 고려대로24길 36 3층,,010-7311-2283
팔레트,와인바,5.0,9,https://place.map.kakao.com/1155895864,서울 성북구 고려대로26길 42-4 1층,,070-7576-4450
대한맥주집 성신여대직영점,치킨,4.2,71,https://place.map.kakao.com/1436558312,서울 성북구 동소문로24길 49,,02-924-0815
커피스토어,카페,4.9,30,https://place.map.kakao.com/1192127749,서울 성북구 안암로5길 72,,
허파식당,"찌개,전골",4.1,50,https://place.map.kakao.com/23288128,서울 동대문구 왕산로26가길 17,,02-924-4119
59쌀피자 고대사거리점,피자,3.0,2,https://place.map.kakao.com/15293495,서울 동대문구 안암로 122-1,,02-921-5982
보배반점 성신여대직영점,중화요리,3.5,140,https://place.map.kakao.com/1800127670,서울 성북구 보문로34길 39 백옥빌딩 1층,,02-923-3439
원조닭한마리,닭요리,2.5,6,https://place.map.kakao.com/24535566,서울 성북구 개운사길 22-3,,02-925-8874
경동연탄불돼지갈비,갈비,4.8,81,https://place.map.kakao.com/1489370509,서울 동대문구 약령서1길 34,,02-960-3360
봉추찜닭 고대점,닭요리,5.0,2,https://place.map.kakao.com/8329576,서울 성북구 고려대로24길 3-3,,02-922-6981
버블티킹 고대안암점,카페,4.8,6,https://place.map.kakao.com/20523940,서울 성북구 고려대로 88,,02-929-1998
고대고기집 고대점,"육류,고기",1.8,3,https://place.map.kakao.com/17246092,서울 성북구 안암로 81,매일 11:00 ~ 03:00,02-927-6532
원진노기순청국장,한식,4.3,6,https://place.map.kakao.com/24786926,서울 성북구 안암로9가길 94 1층,,02-925-5733
떡뽀이 안암점,분식,3.5,5,https://place.map.kakao.com/26559680,서울 성북구 개운사길 22-6,,02-988-1472
빈트리이백이십오 고대점,커피전문점,3.5,0,https://place.map.kakao.com/15583151,서울 성북구 고려대로27길 17,영업시간 월~금 08:00 ~ 23:00,
맛닭꼬 안암고대점,닭요리,4.7,7,https://place.map.kakao.com/950634539,서울 성북구 고려대로24길 27,매일 15:00 ~ 03:00,02-953-5592
뚜레쥬르 종암점,"제과,베이커리",1.9,0,https://place.map.kakao.com/12394838,서울 성북구 종암로5길 7,,02-928-2378
소담식당,한식,4.8,5,https://place.map.kakao.com/27381864,서울 성북구 고려대로24길 3-44 지하1층,,
가재미회물회막회조림,회,0.0,0,https://place.map.kakao.com/1133040478,서울 동대문구 회기로 6 1층,,02-968-4138
처갓집양념치킨 제기점,치킨,0.0,1,https://place.map.kakao.com/472058813,서울 동대문구 고산자로56길 20,,02-960-7270
와라와라양꼬치앤훠궈,양꼬치,4.0,61,https://place.map.kakao.com/1841813748,서울 성북구 동소문로20나길 32,영업시간 매일 11:00 ~ 23:00,02-928-9896
신마라탕,중식,3.0,9,https://place.map.kakao.com/1235085427,서울 동대문구 안암로 150,영업시간 매일 11:00 ~ 24:00,
코리엔탈깻잎두마리치킨 고대점,치킨,5.0,2,https://place.map.kakao.com/2132245125,서울 동대문구 제기로 15,,
히든트랙 안암점,"호프,요리주점",4.3,0,https://place.map.kakao.com/24307573,서울 동대문구 약령시로 6 수운빌딩 지하 1층,월~토 18:00 ~ 01:00,070-8801-9744
돌냄비열우동,"돈까스,우동",4.6,3,https://place.map.kakao.com/13491102,서울 성북구 회기로3길 2,,02-6326-6211
카페아띠,카페,0.0,0,https://place.map.kakao.com/18482107,서울 성북구 북악산로29길 6,,02-929-1720
죠스떡볶이 고대점,떡볶이,1.6,8,https://place.map.kakao.com/13042874,서울 성북구 고려대로24길 63,,02-929-1525
와플앨리 성신여대점,"제과,베이커리",4.6,65,https://place.map.kakao.com/16932048,서울 성북구 보문로34길 68-3 1층,,02-6203-8879
할리스 고대안암병원점,커피전문점,0.0,0,https://place.map.kakao.com/722621829,서울 성북구 고려대로 73 고려대병원 2층,,02-921-3062
해머커피로스터스,커피전문점,4.4,0,https://place.map.kakao.com/21393093,서울 동대문구 안암로 148-1,,
슬로우브레드파파,"제과,베이커리",4.3,28,https://place.map.kakao.com/26497981,서울 성북구 보문로30나길 29,,
스타벅스 성신여대점,커피전문점,3.3,26,https://place.map.kakao.com/17884760,서울 성북구 동소문로24길 12,,1522-3232
아침바다,"해물,생선",3.0,2,https://place.map.kakao.com/13637605,서울 성북구 종암로3길 13,,02-929-1352
소예다방,카페,4.3,7,https://place.map.kakao.com/511346843,서울 동대문구 고산자로62길 12 1층,,02-922-3778
안암동 닭한마리칼국수,닭요리,3.0,5,https://place.map.kakao.com/24199432,서울 성북구 안암로 71,,02-6405-2434
콩시콩뼈감자탕,감자탕,3.3,2,https://place.map.kakao.com/4094500,서울 성북구 개운사길 19 2층,,
두끼 성신여대점,떡볶이,3.4,83,https://place.map.kakao.com/26988368,서울 성북구 보문로34길 59 2층,,02-921-2771
사보텐 고대점,"돈까스,우동",3.0,6,https://place.map.kakao.com/17984784,서울 성북구 고려대로24길 48 1층,,02-929-4510
추억의원조공갈빵,"제과,베이커리",5.0,0,https://place.map.kakao.com/27182833,서울 동대문구 제기로 15,,02-924-9319
코지코튼,카페,5.0,8,https://place.map.kakao.com/1490732561,서울 성북구 북악산로29길 40 1층,,
미각 고대1호점,양꼬치,3.6,2,https://place.map.kakao.com/13558567,"서울 성북구 고려대로24길 15 2,3층",,02-929-8858
남이네손칼국수,국수,5.0,1,https://place.map.kakao.com/17344176,서울 성북구 고려대로24가길 27,,02-922-5564
카페별채,카페,0.0,11,https://place.map.kakao.com/1237284198,서울 성북구 고려대로27길 20 1층,,02-921-2512
비나케이크,디저트카페,3.9,22,https://place.map.kakao.com/22895384,서울 성북구 보문로30길 12 101호,,02-953-7070
두레식당,한식,5.0,0,https://place.map.kakao.com/15878733,서울 성북구 북악산로 1061,,02-928-4882
도쿄커틀릿,"돈까스,우동",3.9,91,https://place.map.kakao.com/1196036428,서울 성북구 동소문로22길 57-1 1층,,02-6465-4050
야순네식당,한식,4.9,2,https://place.map.kakao.com/25131028,서울 동대문구 고산자로56길 75,,
고씨네 고려대점,한식,3.3,3,https://place.map.kakao.com/27244460,서울 동대문구 안암로 158-1,,02-924-1801
무화,일식,5.0,1,https://place.map.kakao.com/466928280,서울 동대문구 안암로24길 4 2층,,02-927-5277
중경식객 고려대점,샤브샤브,4.5,22,https://place.map.kakao.com/415346959,서울 성북구 고려대로24길 36 2층,,02-929-7789
핸섬로스팅커피,카페,5.0,8,https://place.map.kakao.com/1684071998,서울 동대문구 고산자로56길 17,,
포앤시드니,동남아음식,3.5,43,https://place.map.kakao.com/12768652,서울 성북구 보문로34길 77 동양빌딩 2층,,02-929-9390
오늘은면발땡기는날,중화요리,3.0,1,https://place.map.kakao.com/10631475,서울 동대문구 제기로7길 37,,02-928-1766
이태리총각 성북동점,이탈리안,3.1,35,https://place.map.kakao.com/1656302701,서울 성북구 고려대로5길 85,,02-6405-8893
수퍼바이츠 고려대점,패스트푸드,3.7,7,https://place.map.kakao.com/1606441000,서울 성북구 고려대로24길 47 1층,,02-953-7790
막걸리찬가,술집,0.0,0,https://place.map.kakao.com/423922384,서울 성북구 고려대로24길 58-5,,02-928-5355
원조족발보쌈,"족발,보쌈",4.0,2,https://place.map.kakao.com/20523941,서울 동대문구 제기로 17,,02-963-8901
카페구월,카페,3.5,18,https://place.map.kakao.com/1178899525,서울 성북구 보문로30길 43 1~3층,,070-8875-2624
고고인디안쿠진 본점,인도음식,5.0,4,https://place.map.kakao.com/2006817204,서울 성북구 안암로 81-4 지하1층,,02-922-0786
커피인더스트리 16호점,커피전문점,4.4,7,https://place.map.kakao.com/907358888,서울 성북구 종암로19길 99,,
숑디인오하라,카페,3.4,90,https://place.map.kakao.com/1686192887,서울 성북구 보문로30길 80,,
카페게이트(cafegate)고대안암점,카페,5.0,0,https://place.map.kakao.com/88547162,서울 성북구 고려대로24길 17,,
지금보고싶다 고대안암점,"호프,요리주점",0.0,5,https://place.map.kakao.com/1118062983,서울 성북구 고려대로26길 42-2 2층,,
수목원,쌈밥,5.0,2,https://place.map.kakao.com/8392140,서울 동대문구 회기로 48,,02-962-3497
더벤티 고대점,커피전문점,2.3,0,https://place.map.kakao.com/323011367,서울 성북구 고려대로24길 45 1층,,02-924-7789
이에나파이 제기한신아파트점,디저트카페,4.5,0,https://place.map.kakao.com/15690650,서울 동대문구 고산자로 534,,02-969-0658
민티 고대점,카페,4.0,3,https://place.map.kakao.com/1793309360,서울 성북구 개운사길 21-3,,02-928-0513
피자스쿨 종암점,피자,2.9,1,https://place.map.kakao.com/21234125,서울 성북구 종암로9길 3,,02-925-5050
영자스곱창 고대직영점,"곱창,막창",3.7,4,https://place.map.kakao.com/238472044,서울 성북구 고려대로26길 5,,
계모임,닭요리,4.8,66,https://place.map.kakao.com/2070325689,서울 성북구 보문로30라길 5-10,,02-921-8433
호미불닭발 고대안암점,닭요리,5.0,4,https://place.map.kakao.com/27495847,서울 성북구 안암로 81-4 3층,,02-923-5356
스시미,일식집,4.8,19,https://place.map.kakao.com/787618569,서울 성북구 보문로30길 84,,02-923-2220
반지,"호프,요리주점",4.5,7,https://place.map.kakao.com/27512053,서울 성북구 고려대로26길 31,,02-925-0867
닭만리 성신여대점,치킨,2.6,30,https://place.map.kakao.com/477769582,서울 성북구 보문로30라길 14 1층,,0507-1327-2590
샌드위치 하우스,샌드위치,4.8,23,https://place.map.kakao.com/15424746,서울 성북구 보문로34가길 2,,02-928-8450
해곤선생,중화요리,3.3,2,https://place.map.kakao.com/1599884679,서울 동대문구 안암로 80-1 2층,,02-929-6884
홍능족발,"족발,보쌈",2.9,88,https://place.map.kakao.com/9606868,서울 동대문구 홍릉로 20,,02-957-6000
쵸이양식,양식,4.4,101,https://place.map.kakao.com/452915279,서울 성북구 동소문로20나길 24 2층,,010-6408-9639
고대빵 인문계캠퍼스 국제관3호점,"제과,베이커리",0.0,0,https://place.map.kakao.com/885499285,서울 성북구 안암로 145,,02-3290-5028
꾸미롱,디저트카페,4.6,10,https://place.map.kakao.com/1838519367,서울 성북구 고려대로24길 56,,
오일리커피,카페,4.7,6,https://place.map.kakao.com/1949593349,서울 성북구 고려대로27길 9 3층,,
국수랑,국수,4.7,5,https://place.map.kakao.com/1973486645,서울 성북구 북악산로31길 39,,02-929-9911
다곰디저트,"제과,베이커리",0.0,6,https://place.map.kakao.com/1177442005,서울 동대문구 안암로 160,,010-9198-8242
커피나무 성신여대점,커피전문점,3.3,25,https://place.map.kakao.com/26974293,"서울 성북구 보문로30길 79 1, 2층",,02-922-1672
동네,한식,5.0,1,https://place.map.kakao.com/1601766163,서울 성북구 개운사길 22-5,,
평양냉면,냉면,3.6,61,https://place.map.kakao.com/13323543,서울 동대문구 홍릉로 14-3,영업시간 매일 11:00 ~ 21:00,02-965-8254
하오마라 고대점,중식,5.0,1,https://place.map.kakao.com/1281139835,서울 성북구 고려대로27길 24-2 2층,,010-8792-5198
레지아노,이탈리안,4.2,43,https://place.map.kakao.com/1408744819,서울 성북구 보문로30길 74 1층,영업시간 매일 11:00 ~ 21:30,02-925-4255
아저씨중국요리,중화요리,4.3,1,https://place.map.kakao.com/764754521,서울 동대문구 안암로24길 15,,02-6052-9262
칠백집서울껍데기,"육류,고기",3.5,36,https://place.map.kakao.com/1390045316,서울 성북구 보문로30길 39 1층,매일 12:00 ~ 02:00,
신원오리,오리,2.0,4,https://place.map.kakao.com/19015373,서울 동대문구 약령시로 25,,02-922-1556
와인이야기,음식점,0.0,0,https://place.map.kakao.com/15930457,서울 동대문구 안암로 132 1층,,
더퍼스트펭귄,카페,3.3,1,https://place.map.kakao.com/13267717,서울 성북구 고려대로28길 6 1층,,02-929-1120
짱가네돈냉면,냉면,4.5,13,https://place.map.kakao.com/712735216,서울 성북구 안암로 73-9,,
끄트머리집 안암점,음식점,5.0,7,https://place.map.kakao.com/929249763,서울 성북구 고려대로24길 20,,
푸라닭치킨 성신여대점,치킨,4.2,25,https://place.map.kakao.com/717539246,서울 성북구 보문로30나길 35 1층,영업시간 월~금 15:00 ~ 24:00,02-923-9206
동경통닭,치킨,2.8,78,https://place.map.kakao.com/21402235,서울 동대문구 홍릉로1길 46 청량리전통시장 A동 1층,영업시간 매일 10:00 ~ 23:00,02-963-6880
쎄오쎄오,베트남음식,3.9,99,https://place.map.kakao.com/2014315898,서울 성북구 보문로34길 56 지하1층,영업시간 화~일 11:30 ~ 22:00 · 브레이크타임 화~금 15:00 ~ 17:00,
호호야채순대곱창전문점,"곱창,막창",4.3,3,https://place.map.kakao.com/12089898,서울 성북구 종암로18길 3-2,,02-943-8921
도담치킨 고대안암직영점,치킨,0.0,25,https://place.map.kakao.com/1178829455,서울 성북구 고려대로26길 42-4 1층,월~금 16:00 ~ 01:00,02-921-4600
피자헛 안암점,피자,4.3,5,https://place.map.kakao.com/1781566990,서울 성북구 고려대로 28,,02-926-9223
가야가야,일본식라면,2.6,101,https://place.map.kakao.com/1717904187,서울 성북구 동소문로22길 57-10,,02-929-7877
카페더베러,커피전문점,4.8,0,https://place.map.kakao.com/27515348,서울 성북구 회기로 7-1,,
24시 스터디카페 공부공방,테마카페,5.0,1,https://place.map.kakao.com/43515949,서울 성북구 고려대로 104-1 3층,,
응급실국물떡볶이 서울안암점,떡볶이,5.0,5,https://place.map.kakao.com/1829837311,서울 성북구 보문로26길 83-19,,02-925-8285
선화슈퍼가맥,술집,3.6,52,https://place.map.kakao.com/2144664466,서울 성북구 보문로30라길 16,,02-925-4627
파리바게뜨 안암오거리점,"제과,베이커리",1.4,3,https://place.map.kakao.com/12344318,서울 동대문구 안암로 80,,02-927-1255
삼청당 고대안암점,분식,5.0,2,https://place.map.kakao.com/60173632,서울 성북구 안암동5가 86-172,,
키바레,일본식라면,3.9,19,https://place.map.kakao.com/387625548,서울 성북구 동소문로22길 19-7,,02-923-3271
불타는소금구이,"육류,고기",4.8,29,https://place.map.kakao.com/564021534,서울 성북구 보문로30길 43-3,,
카페씨,카페,4.0,0,https://place.map.kakao.com/27382612,서울 성북구 고려대로27길 7,,02-925-0831
즐거운맛돈까스,"돈까스,우동",4.2,184,https://place.map.kakao.com/928032894,서울 동대문구 왕산로 15-1 2층,,02-997-9789
카페낢진,카페,5.0,5,https://place.map.kakao.com/2145518264,서울 성북구 안암로 145 고려대학교 중앙광장 지하1층 109A호,,070-7722-9089
웃돌목,국밥,3.8,0,https://place.map.kakao.com/1562251508,서울 동대문구 고산자로 559-1,,02-923-7700
유즈리스어덜트,카페,4.2,74,https://place.map.kakao.com/1458416464,서울 성북구 보문로18길 25 1층,,0507-1421-7017
비에르에프리트,"호프,요리주점",5.0,0,https://place.map.kakao.com/1692911974,서울 동대문구 제기로5길 40,,02-3291-5111
롤링파스타 성신여대점,이탈리안,3.3,59,https://place.map.kakao.com/1607901768,서울 성북구 동소문로22길 5 2층,영업시간 매일 11:00 ~ 22:00,02-927-7779
로라방앗간 고대안암점,분식,5.0,5,https://place.map.kakao.com/2016402721,서울 성북구 안암로 73,영업시간 월~금 11:00 ~ 21:00,02-921-1181
닭한마리,닭요리,0.0,4,https://place.map.kakao.com/13287129,서울 동대문구 안암로 122,,02-926-1178
호순이네,음식점,3.0,2,https://place.map.kakao.com/1076272652,서울 성북구 고려대로26길 38,,
플라워플라이,"제과,베이커리",5.0,6,https://place.map.kakao.com/1425358591,서울 동대문구 제기로2길 28 1층 101호,영업시간 월~금 09:00 ~ 22:00,
발라당,애견카페,0.0,0,https://place.map.kakao.com/573930669,서울 동대문구 무학로42길 45 루비빌딩 5층,,
중국관,중화요리,5.0,1,https://place.map.kakao.com/11151658,서울 성북구 종암로6길 16,,
회의시간,회,5.0,12,https://place.map.kakao.com/4525975,서울 성북구 종암로9길 86 상가동 102호,영업시간 매일 12:00 ~ 24:00,070-4809-2955
통툰 고대안암점,만화카페,4.5,1,https://place.map.kakao.com/1510735977,서울 성북구 고려대로24길 58-5 3층,월~목 10:00 ~ 02:00,02-926-8548
들창코,"육류,고기",5.0,0,https://place.map.kakao.com/662044581,서울 동대문구 제기로2길 14 1층,,02-921-6414
카페부오노,카페,5.0,2,https://place.map.kakao.com/1436807867,서울 성북구 회기로 5-15,,02-911-0507
위코브,카페,3.3,12,https://place.map.kakao.com/2068486560,서울 성북구 고려대로7가길 1,영업시간 월~토 11:00 ~ 18:00,
카페b1,카페,0.0,0,https://place.map.kakao.com/15915806,서울 성북구 고려대로27길 25,,02-925-5544
용두동쭈꾸미 본점,해산물,2.1,27,https://place.map.kakao.com/24767528,서울 동대문구 무학로36길 10,매일 00:00 ~ 24:00,02-925-3127
서대문꼼장어,장어,3.5,7,https://place.map.kakao.com/504641786,서울 동대문구 안암로 70,,02-953-8880
민님,갤러리카페,3.5,12,https://place.map.kakao.com/318471800,서울 성북구 보문로30길 74-1,,02-921-2694
홍빠오,중화요리,4.7,1,https://place.map.kakao.com/14138853,서울 성북구 종암로11길 8 1층,,02-924-9933
프리미엄분식 식탁,분식,5.0,0,https://place.map.kakao.com/503958922,서울 동대문구 안암로22길 8 1층,,
이름없는파스타 성신여대점,이탈리안,3.2,171,https://place.map.kakao.com/1308062045,서울 성북구 동소문로20다길 33,,070-8860-9171
